date,pre_post,AT,ET,SpeciesID,BW.g,Temp.c,Salinity,PhotoID,Notes,DIcal,SWcal
2/7/2023,pre,,,Air 1,47.3868,NA,NA,,,,
2/7/2023,pre,,,Air 1,47.3806,NA,NA,,,,
2/7/2023,pre,,,Air 1,47.3787,NA,NA,,,,
2/7/2023,pre,,,SW 1,25.633,,,,,1,1
2/7/2023,pre,,,SW 1,25.505,,,,,1,1
2/7/2023,pre,,,SW 1,25.337,,,,,1,1
2/7/2023,pre,HIGH,HIGH,PR1HH,7.1194,29,36.6,11-Jun,HH: Yellow,1,1
2/7/2023,pre,HIGH,LOW,PR1HL,13.4448,29,36.6,16-Dec,HL: Light Purple,1,1
2/7/2023,pre,,,SW 2,25.5191,29,36.6,,,1,2
2/7/2023,pre,,,SW 2,25.6477,28.84,36.6,,,1,2
2/7/2023,pre,,,SW 2,25.4517,28.76,36.6,,,1,2
2/7/2023,pre,HIGH,HIGH,PR2HH,10.0115,28.641,36.6,18,,1,2
2/7/2023,pre,HIGH,LOW,PR2HL,11.5437,28.575,36.6,24,,1,2
2/7/2023,pre,HIGH,HIGH,PR3HH,9.98874,28.421,36.6,29,,1,2
2/7/2023,pre,HIGH,LOW,PR3HL,15.6313,28.427,36.6,34,,1,2
2/7/2023,pre,HIGH,HIGH,PR4HH,12.4036,28.345,36.7,39,,1,2
2/7/2023,pre,HIGH,LOW,PR4HL,10.4883,28.367,36.7,44,,1,2
2/7/2023,pre,HIGH,HIGH,PR5HH,7.9411,28.566,36.7,54,,1,2
2/7/2023,pre,HIGH,LOW,PR5HL,8.0118,28.628,36.7,49,,1,2
2/7/2023,pre,,,SW 3,25.6086,28.916,36.7,,,1,3
2/7/2023,pre,,,SW 3,25.4037,28.765,36.7,,,1,3
2/7/2023,pre,,,SW 3,25.7078,28.586,36.7,,,1,3
2/7/2023,pre,HIGH,LOW,PR6HL,12.9538,28.468,36.7,64,,1,3
2/7/2023,pre,HIGH,HIGH,PR6HH,10.9657,28.479,36.7,59,,1,3
2/7/2023,pre,HIGH,HIGH,PR7HH,17.298,28.444,36.7,69,,1,3
2/7/2023,pre,HIGH,LOW,PR7HL,17.5496,28.49,36.7,74,,1,3
2/7/2023,pre,HIGH,HIGH,PR8HH,9.91,28.413,36.7,79,,1,3
2/7/2023,pre,HIGH,LOW,PR8HL,7.6785,28.409,36.7,84,,1,3
2/7/2023,pre,HIGH,HIGH,PR9HH,14.4042,28.312,36.7,89,,1,3
2/7/2023,pre,HIGH,LOW,PR9HL,13.8002,28.262,36.7,94,,1,3
2/7/2023,pre,HIGH,HIGH,PR10HH,8.4964,28.211,36.7,99,,1,3
2/7/2023,pre,HIGH,LOW,PR10HL,9.0032,28.211,36.7,114,,1,3
2/7/2023,pre,HIGH,HIGH,PR11HH,15.7319,28.19,36.7,104,,1,3
2/7/2023,pre,HIGH,LOW,PR11HL,14.1654,28.169,36.7,109,,1,3
2/7/2023,pre,HIGH,HIGH,PR12HH,13.785,28.123,36.7,119,,1,3
2/7/2023,pre,HIGH,LOW,PR12HL,12.4764,28.138,36.7,124,,1,3
2/7/2023,pre,,,SW 4,25.7173,28.103,36.7,,,1,4
2/7/2023,pre,,,SW 4,25.6039,28.108,36.7,,,1,4
2/7/2023,pre,,,SW 4,25.3999,28.087,36.7,,,1,4
2/7/2023,pre,HIGH,LOW,PR12HL_2,12.2684,28.084,36.7,,,1,4
2/7/2023,pre,HIGH,LOW,PR12HL_3,12.1993,28.019,36.7,,,1,4
2/7/2023,pre,,,DI 2,26.2584,24.203,,,,2,
2/7/2023,pre,,,DI 2,26.1738,24.234,,,,2,
2/7/2023,pre,,,DI 2,26.1792,24.261,,,,2,
2/11/2023,pre,,,DI 3,26.2293,23.809,,,,3,
2/11/2023,pre,,,DI 3,26.1958,23.829,,,,3,
2/11/2023,pre,,,DI 3,26.196,23.829,,,,3,
2/11/2023,pre,,,DI 3,26.1527,24.15,,,,3,
2/11/2023,pre,,,SW 5,25.5251,28.681,36.6,,,3,5
2/11/2023,pre,,,SW 5,25.6141,28.592,36.6,,,3,5
2/11/2023,pre,,,SW 5,25.572,28.587,36.6,,,3,5
2/11/2023,pre,HIGH,LOW,PA13HL,12.5335,28.335,36.6,212-216,HL: Blue,3,5
2/11/2023,pre,HIGH,HIGH,PA13HH,9.973,28.39,36.6,217,HH: Pink,3,5
2/11/2023,pre,HIGH,LOW,PA12HL,12.296,28.317,36.6,224,,3,5
2/11/2023,pre,HIGH,HIGH,PA12HH,12.0712,28.229,36.6,229,,3,5
2/11/2023,pre,HIGH,LOW,PA11HL,9.4614,28.306,36.6,234,,3,5
2/11/2023,pre,HIGH,HIGH,PA11HH,8.063,28.294,36.6,239,,3,5
2/11/2023,pre,HIGH,HIGH,PA10HH,18.9198,28.285,36.6,249,,3,5
2/11/2023,pre,HIGH,LOW,PA10HL,13.2085,28.268,36.6,244,,3,5
2/11/2023,pre,HIGH,LOW,PA10HL_3,13.1927,28.288,36.6,,,3,5
2/11/2023,pre,HIGH,LOW,PA9HL,13.1434,28.239,36.5,254,,3,5
2/11/2023,pre,HIGH,HIGH,PA9HH,17.4086,28.223,36.5,259,,3,5
2/11/2023,pre,HIGH,LOW,PA8HL,8.7138,28.2,36.5,265,,3,5
2/11/2023,pre,HIGH,HIGH,PA8HH,11.0208,28.172,36.5,270,,3,5
2/11/2023,pre,HIGH,LOW,PA8HL_2,8.6996,28.188,36.5,,,3,5
2/11/2023,pre,,,SW 6,25.4466,28.931,36.4,,,3,6
2/11/2023,pre,,,SW 6,25.6172,28.971,36.4,,,3,6
2/11/2023,pre,,,SW 6,25.6782,28.948,36.4,,,3,6
2/11/2023,pre,HIGH,LOW,PA7HL,17.8555,28.93,36.4,,,3,6
2/11/2023,pre,HIGH,HIGH,PA7HH,14.2802,28.91,36.4,,,3,6
2/11/2023,pre,HIGH,LOW,PA6HL,10.2937,28.837,36.4,,,3,6
2/11/2023,pre,HIGH,HIGH,PA6HH,9.2721,28.816,36.4,,,3,6
2/11/2023,pre,HIGH,LOW,PA5HL,13.6083,28.759,36.4,,,3,6
2/11/2023,pre,HIGH,HIGH,PA5HH,10.1611,28.635,36.4,,,3,6
2/11/2023,pre,HIGH,LOW,PA4HL,8.3783,28.585,36.4,,,3,6
2/11/2023,pre,HIGH,HIGH,PA4HH,8.521,28.575,36.4,,,3,6
2/11/2023,pre,,,SW 7,25.673,29.304,36.4,,,3,7
2/11/2023,pre,,,SW 7,,,36.4,,,3,7
2/11/2023,pre,,,SW 7,,,36.4,,,3,7
2/11/2023,pre,HIGH,LOW,PA3HL,9.0995,29.128,36.4,,,3,7
2/11/2023,pre,HIGH,HIGH,PA3HH,8.4708,29.097,36.4,,,3,7
2/11/2023,pre,HIGH,LOW,PA2HL,12.4134,29.1,36.4,,,3,7
2/11/2023,pre,HIGH,HIGH,PA2HH,8.3196,29.146,36.4,,,3,7
2/11/2023,pre,HIGH,LOW,PA1HL,12.7072,29.1,36.4,,,3,7
2/11/2023,pre,HIGH,HIGH,PA1HH,15.3131,29.113,36.4,,,3,7
2/11/2023,pre,LOW,LOW,ME1LL,1.4887,29.005,36.4,,LL: Blue,3,7
2/11/2023,pre,LOW,HIGH,ME1LH,1.7013,29.034,36.4,,LL: Pink,3,7
2/11/2023,pre,LOW,LOW,ME2LL,7.7473,29.007,36.5,,,3,7
2/11/2023,pre,LOW,HIGH,ME2LH,2.3557,28.993,36.4,,,3,7
2/11/2023,pre,LOW,LOW,ME3LL,5.4255,29.012,36.4,,,3,7
2/11/2023,pre,LOW,HIGH,ME3LH,5.0285,29.011,36.5,,,3,7
2/11/2023,pre,LOW,LOW,ME4LL,4.6439,28.944,36.5,,,3,7
2/11/2023,pre,LOW,HIGH,ME4LH,2.8537,28.954,36.5,,,3,7
2/11/2023,pre,LOW,LOW,ME5LL,2.0799,28.946,36.4,,,3,7
2/11/2023,pre,LOW,HIGH,ME5LH,5.4919,29.025,36.4,,,3,7
2/11/2023,pre,LOW,LOW,ME6LL,4.453,29,36.4,,,3,7
2/11/2023,pre,LOW,HIGH,ME6LH,3.4462,29.04,36.5,,,3,7
2/11/2023,pre,LOW,LOW,ME7LL,3.9574,29.015,36.4,,,3,7
2/11/2023,pre,LOW,HIGH,ME7LH,3.5504,29.008,36.4,,,3,7
2/11/2023,pre,LOW,LOW,ME8LL,5.8562,29.084,36.4,,,3,7
2/11/2023,pre,LOW,HIGH,ME8LH,3.6567,29.056,36.4,,,3,7
2/11/2023,pre,LOW,HIGH,ME9LH,6.9112,29.062,36.5,,,3,7
2/11/2023,pre,LOW,LOW,ME9LL,6.8405,29.045,36.4,,,3,7
2/11/2023,pre,LOW,LOW,ME10LL,3.154,29.09,36.5,,,3,7
2/11/2023,pre,LOW,HIGH,ME10LH,7.1529,29.098,36.5,,,3,7
2/11/2023,pre,LOW,LOW,ME11LL,4.3281,29.11,36.5,,,3,7
2/11/2023,pre,LOW,HIGH,ME11LH,6.1312,29.134,36.5,,,3,7
2/11/2023,pre,LOW,LOW,ME12LL,2.6276,29.168,36.5,,,3,7
2/11/2023,pre,LOW,HIGH,ME12LH,3.6014,29.192,36.5,,,3,7
2/11/2023,pre,LOW,LOW,ME13LL,8.2063,29.222,36.5,,,3,7
2/11/2023,pre,LOW,HIGH,ME13LH,12.0553,29.265,36.5,,,3,7
2/11/2023,pre,LOW,LOW,PR1LL,10.4216,29.32,36.5,,LL: Black,3,7
2/11/2023,pre,LOW,HIGH,PR1LH,12.0147,29.365,36.5,,LH: Red,3,7
2/11/2023,pre,LOW,LOW,PR2LL,8.0252,29.414,36.5,,,3,7
2/11/2023,pre,LOW,HIGH,PR2LH,6.2825,29.402,36.5,,,3,7
2/11/2023,pre,LOW,LOW,PR3LL,4.4439,29.4,36.5,,,3,7
2/11/2023,pre,LOW,HIGH,PR3LH,4.7632,29.539,36.5,,,3,7
2/11/2023,pre,HIGH,HIGH,PR13HH,7.4874,29.453,36.5,,HH: Yellow,3,7
2/11/2023,pre,HIGH,LOW,PR13HL,6.6207,29.49,36.5,,HL: Light Purple,3,7
2/11/2023,pre,LOW,LOW,PR4LL,11.0996,29.545,36.5,,,3,7
2/11/2023,pre,LOW,HIGH,PR4LH,8.948,29.596,36.5,,,3,7
2/11/2023,pre,LOW,LOW,PR5LL,4.2698,29.579,36.5,,,3,7
2/11/2023,pre,LOW,HIGH,PR5LH,4.2827,29.576,36.5,,,3,7
2/11/2023,pre,LOW,LOW,PR6LL,5.4501,29.58,36.5,,,3,7
2/11/2023,pre,LOW,HIGH,PR6LH,6.7881,29.574,36.5,,,3,7
2/11/2023,pre,LOW,LOW,PR7LL,6.2488,29.614,36.5,,,3,7
2/11/2023,pre,LOW,HIGH,PR7LH,7.7753,29.63,36.5,,,3,7
2/11/2023,pre,LOW,LOW,PR8LL,7.5868,29.615,36.5,,,3,7
2/11/2023,pre,LOW,HIGH,PR8LH,5.765,29.589,36.5,,,3,7
2/11/2023,pre,LOW,LOW,PR9LL,9.6669,29.672,36.5,,,3,7
2/11/2023,pre,LOW,HIGH,PR9LH,9.7526,29.64,36.5,,,3,7
2/11/2023,pre,LOW,LOW,PR10LL,10.2247,29.63,36.5,,,3,7
2/11/2023,pre,LOW,HIGH,PR10LH,12.6677,29.635,36.5,,,3,7
2/11/2023,pre,LOW,LOW,PR11LL,8.7529,29.64,36.5,,,3,7
2/11/2023,pre,LOW,HIGH,PR11LH,12.0156,29.649,36.5,,,3,7
2/11/2023,pre,LOW,LOW,PR12LL,11.4303,29.596,36.5,,,3,7
2/11/2023,pre,LOW,HIGH,PR12LH,6.5152,29.579,36.5,,,3,7
2/11/2023,pre,,,SW 8,25.6485,29.6,36.5,,,3,8
2/11/2023,pre,,,SW 8,25.7152,29.6,36.5,,,3,8
2/11/2023,pre,,,SW 8,25.5856,29.626,36.5,,,3,8
2/11/2023,pre,,,DI 4,26.2836,27.362,36.5,,,4,
2/11/2023,pre,,,DI 4,26.2031,27.392,36.5,,,4,
2/11/2023,pre,,,DI 4,26.2656,27.351,36.5,,,4,
2/16/2023,pre,,,DI 5,26.162,26.515,36.5,,,5,
2/16/2023,pre,,,DI 5,26.1723,25.977,36.5,,,5,
2/16/2023,pre,,,DI 5,26.1775,25.53,36.5,,,5,
2/16/2023,pre,,,SW 9,25.6994,31.501,36.4,,,5,9
2/16/2023,pre,,,SW 9,25.7745,31.43,36.4,,,5,9
2/16/2023,pre,,,SW 9,25.6285,31.414,36.4,,,5,9
2/16/2023,pre,LOW,HIGH,PA1LH,9.4744,31.343,36.4,,LH: Purple,5,9
2/16/2023,pre,LOW,LOW,PA1LL,5.4005,31.37,36.4,,LL: White,5,9
2/16/2023,pre,LOW,HIGH,PA2LH,12.6822,31.483,36.5,,,5,9
2/16/2023,pre,LOW,LOW,PA2LL,13.5644,31.472,36.4,,,5,9
2/16/2023,pre,LOW,HIGH,PA3LH,13.5866,31.706,36.4,,,5,9
2/16/2023,pre,LOW,LOW,PA3LL,13.2693,31.66,36.4,,,5,9
2/16/2023,pre,LOW,LOW,PA3LL_2,13.1275,31.72,36.4,,,5,9
2/16/2023,pre,LOW,HIGH,PA4LH,5.0938,31.692,36.4,,,5,9
2/16/2023,pre,LOW,LOW,PA4LL,6.2638,31.72,36.4,,,5,9
2/16/2023,pre,LOW,HIGH,PA5LH,4.3151,31.592,36.4,,,5,9
2/16/2023,pre,LOW,LOW,PA5LL,6.3654,31.632,36.4,,,5,9
2/16/2023,pre,LOW,LOW,PA5LH_2,4.2974,31.65,36.4,,,5,9
2/16/2023,pre,LOW,HIGH,PA6LH,9.2757,31.594,36.4,,,5,9
2/16/2023,pre,LOW,LOW,PA6LL,8.409,31.628,36.4,,,5,9
2/16/2023,pre,LOW,HIGH,PA7LH,7.4922,31.77,36.4,,,5,9
2/16/2023,pre,LOW,LOW,PA7LL,5.7304,31.753,36.4,,,5,9
2/16/2023,pre,LOW,LOW,PA7LH_2,7.4028,31.738,36.4,,,5,9
2/16/2023,pre,LOW,HIGH,PA8LH,9.665,31.68,36.5,,,5,9
2/16/2023,pre,LOW,LOW,PA8LL,12.7185,31.742,36.5,,,5,9
2/16/2023,pre,LOW,HIGH,PA9LH,14.3154,31.62,36.4,,,5,9
2/16/2023,pre,LOW,LOW,PA9LL,11.6212,31.775,36.5,,,5,9
2/16/2023,pre,LOW,LOW,PA9LH_2,14.212,31.99,36.5,,,5,9
2/16/2023,pre,LOW,HIGH,PA10LH,11.0628,31.801,36.5,,,5,9
2/16/2023,pre,LOW,LOW,PA10LL,12.9284,31.722,36.5,,,5,9
2/16/2023,pre,LOW,HIGH,PA11LH,4.7839,31.713,36.5,,,5,9
2/16/2023,pre,LOW,LOW,PA11LL,7.7883,31.725,36.5,,,5,9
2/16/2023,pre,LOW,HIGH,PA12LH,10.802,31.773,36.4,,,5,9
2/16/2023,pre,LOW,LOW,PA12LL,11.3454,31.822,36.5,,,5,9
2/16/2023,pre,LOW,LOW,PA12LL_2,11.2914,31.79,36.5,,,5,9
2/16/2023,pre,LOW,HIGH,PA13LH,3.8141,31.809,36.5,,,5,9
2/16/2023,pre,LOW,LOW,PA13LL,5.9751,31.721,36.5,,,5,9
2/16/2023,pre,LOW,HIGH,PR13LH,9.0685,31.706,36.5,,LH: Red,5,9
2/16/2023,pre,LOW,LOW,PR13LL,6.4745,31.64,36.5,,LL: Black,5,9
2/16/2023,pre,LOW,LOW,PR13LL_2,6.4315,31.648,36.5,,,5,9
2/16/2023,pre,HIGH,HIGH,LK10HH,8.2937,31.224,36.5,,,5,9
2/16/2023,pre,HIGH,LOW,LK10HL,12.4318,31.687,36.5,,,5,9
2/16/2023,pre,HIGH,LOW,LK10HL_2,12.7285,31.219,36.5,,,5,9
2/16/2023,pre,HIGH,HIGH,LK11HH,13.3484,31.303,36.5,,,5,9
2/16/2023,pre,HIGH,LOW,LK11HL,6.9637,31.243,36.5,,,5,9
2/16/2023,pre,HIGH,HIGH,LK12HH,10.1434,31.341,36.5,,,5,9
2/16/2023,pre,HIGH,LOW,LK12HL,12.1018,31.223,36.5,,,5,9
2/16/2023,pre,HIGH,HIGH,LK13HH,22.8381,31.167,36.5,,,5,9
2/16/2023,pre,HIGH,LOW,LK13HL,17.5389,31.136,36.5,,,5,9
2/16/2023,pre,HIGH,HIGH,LK1HH,6.1372,31.481,36.5,,HH: Green,5,9
2/16/2023,pre,HIGH,HIGH,LK1HH_2,5.9887,31.618,36.5,,,5,9
2/16/2023,pre,HIGH,LOW,LK1HL,5.095,31.36,36.5,,HL: Yellow,5,9
2/16/2023,pre,HIGH,HIGH,LK2HH,16.0914,31.618,36.5,,,5,9
2/16/2023,pre,HIGH,LOW,LK2HL,16.0057,31.546,36.5,,,5,9
2/16/2023,pre,HIGH,HIGH,LK3HH,9.4184,31.496,36.5,,,5,9
2/16/2023,pre,HIGH,LOW,LK3HL,12.6108,31.473,36.5,,,5,9
2/16/2023,pre,HIGH,HIGH,LK4HH,14.7613,31.436,36.5,,,5,9
2/16/2023,pre,HIGH,LOW,LK4HL,10.2247,31.432,36.5,,,5,9
2/16/2023,pre,HIGH,HIGH,LK5HH,14.2687,31.453,36.5,,,5,9
2/16/2023,pre,HIGH,LOW,LK5HL,9.0609,31.69,36.5,,,5,9
2/16/2023,pre,HIGH,HIGH,LK6HH,7.1871,31.447,36.5,,,5,9
2/16/2023,pre,HIGH,LOW,LK6HL,9.1229,31.4,36.5,,,5,9
2/16/2023,pre,HIGH,LOW,LK6HL_3,9.158,31.294,36.5,,,5,9
2/16/2023,pre,HIGH,HIGH,LK7HH,12.3986,31.414,36.5,,,5,9
2/16/2023,pre,HIGH,LOW,LK7HL,8.4586,31.414,36.5,,,5,9
2/16/2023,pre,HIGH,HIGH,LK8HH,11.7932,31.242,36.5,,,5,9
2/16/2023,pre,HIGH,LOW,LK8HL,17.9457,31.5,36.5,,,5,9
2/16/2023,pre,HIGH,HIGH,LK9HH,14.2485,31.306,36.5,,,5,9
2/16/2023,pre,HIGH,LOW,LK9HL,9.1153,31.352,36.5,,,5,9
4/2/2023,post,,,DI 6,26.2192,24.5,NA,,,6,
4/2/2023,post,,,DI 6,26.0118,24.5,NA,,,6,
4/2/2023,post,,,DI 6,26.1385,24.5,NA,,,6,
4/2/2023,post,,,SW 10,25.6228,29.3,36.3,,,6,10
4/2/2023,post,,,SW 10,25.7294,29.3,36.3,,,6,10
4/2/2023,post,,,SW 10,25.6661,29.3,36.3,,,6,10
4/2/2023,post,,,Air 2,47.3705,,,,,6,10
4/2/2023,post,,,Air 2,47.3705,,,,,6,10
4/2/2023,post,,,Air 2,47.3705,,,,,6,10
4/2/2023,post,HIGH,LOW,PA5HL,18.7007,29.3,36.3,,,6,10
4/2/2023,post,HIGH,LOW,PA12HL,15.6615,29.2,36.3,,after: -0.11,6,10
4/2/2023,post,HIGH,LOW,PA8HL,12.6712,29.2,36.3,,,6,10
4/2/2023,post,HIGH,LOW,PA12HL_2,15.8721,29.2,36.3,,after: -0.1933,6,10
4/2/2023,post,HIGH,LOW,PA7HL,21.2896,29,36.3,,,6,10
4/2/2023,post,HIGH,LOW,PA6HL,14.2068,29,36.3,,,6,10
4/2/2023,post,HIGH,LOW,PA13HL,15.8486,28.9,36.3,,,6,10
4/2/2023,post,,,SW 11,25.5348,29.8,36.3,,,6,11
4/2/2023,post,,,SW 11,25.637,29.8,36.3,,,6,11
4/2/2023,post,,,SW 11,25.7124,29.8,36.3,,,6,11
4/2/2023,post,HIGH,LOW,PA4HL,11.005,29.8,36.3,,,6,11
4/2/2023,post,HIGH,LOW,PA3HL,11.4419,29.7,36.3,,,6,11
4/2/2023,post,HIGH,LOW,PA10HL,18.8848,29.7,36.3,,,6,11
4/2/2023,post,HIGH,LOW,PA3HL_2,11.4086,29.6,36.3,,,6,11
4/2/2023,post,HIGH,HIGH,PA5HH,16.1179,29.5,36.3,,,6,11
4/2/2023,post,HIGH,HIGH,PA10HH,25.1004,29.5,36.3,,,6,11
4/2/2023,post,HIGH,HIGH,PA8HH,15.7163,29.4,36.3,,,6,11
4/2/2023,post,,,SW 12,25.6841,29.9,36.3,,,6,12
4/2/2023,post,,,SW 12,25.6841,29.9,36.4,,,6,12
4/2/2023,post,,,SW 12,25.8151,29.9,36.3,,,6,12
4/2/2023,post,HIGH,HIGH,PA1HH,22.0637,29.9,36.3,,,6,12
4/2/2023,post,HIGH,HIGH,PA11HH,10.591,29.8,36.3,,,6,12
4/2/2023,post,HIGH,HIGH,PA6HH,12.1382,29.8,36.3,,,6,12
4/2/2023,post,HIGH,HIGH,PA6HH_2,12.0099,29.7,36.4,,,6,12
4/2/2023,post,HIGH,HIGH,PA3HH,10.7806,29.7,36.3,,,6,12
4/2/2023,post,HIGH,HIGH,PA4HH,10.5418,29.6,36.3,,,6,12
4/2/2023,post,HIGH,HIGH,PA12HH,16.1684,29.6,36.3,,,6,12
4/2/2023,post,HIGH,HIGH,PA7HH,18.5003,29.5,36.4,,,6,12
4/2/2023,post,LOW,LOW,PA9LL,14.2832,29.4,36.4,,,6,12
4/2/2023,post,LOW,LOW,PA5LL,8.2042,29.4,36.4,,,6,12
4/2/2023,post,,,SW 13,25.6265,29.9,36.3,,,6,13
4/2/2023,post,,,SW 13,25.6835,30,36.3,,after: -0.14,6,13
4/2/2023,post,,,SW 13,25.6941,30,36.3,,,6,13
4/2/2023,post,LOW,LOW,PA1LL,8.7496,30,36.3,,,6,13
4/2/2023,post,LOW,LOW,PA8LL,16.5851,30,36.3,,,6,13
4/2/2023,post,LOW,LOW,PA3LL,18.703,30,36.3,,,6,13
4/2/2023,post,LOW,LOW,PA12LL,13.1639,29.9,36.3,,,6,13
4/2/2023,post,LOW,LOW,PA13LL,8.2904,29.9,36.3,,,6,13
4/2/2023,post,LOW,LOW,PA10LL,14.914,29.8,36.3,,,6,13
4/2/2023,post,LOW,LOW,PA11LL,10.9066,29.7,36.3,,,6,13
4/2/2023,post,LOW,LOW,PA2LL,18.0179,29.7,36.3,,,6,13
4/2/2023,post,LOW,LOW,PA2LL_2,17.9058,29.6,36.3,,,6,13
4/2/2023,post,LOW,HIGH,PA8LH,14.13,29.6,36.3,,,6,13
4/2/2023,post,LOW,HIGH,PA11LH,7.6664,29.6,36.3,,,6,13
4/2/2023,post,LOW,HIGH,PA12LH,13.17,29.5,36.3,,,6,13
4/2/2023,post,LOW,HIGH,PA1LH,13.8701,29.5,36.3,,,6,13
4/2/2023,post,,,SW 14,25.6145,30.1,36.3,,,6,14
4/2/2023,post,,,SW 14,25.6582,30.1,36.3,,,6,14
4/2/2023,post,,,SW 14,25.6553,30.1,36.3,,,6,14
4/2/2023,post,LOW,HIGH,PA1LH,13.7556,30.1,36.3,,,6,14
4/2/2023,post,LOW,HIGH,PA7LH,10.187,30.1,36.3,,,6,14
4/2/2023,post,LOW,HIGH,PA6LH,13.7415,30.1,36.3,,,6,14
4/2/2023,post,LOW,HIGH,PA3LH,18.3398,30,36.3,,,6,14
4/2/2023,post,LOW,HIGH,PA2LH,16.8689,29.9,36.3,,,6,14
4/2/2023,post,LOW,HIGH,PA3LH_2,18.2702,29.9,36.3,,,6,14
4/2/2023,post,LOW,LOW,PA4LL,9.0066,30,36.3,,,6,14
4/2/2023,post,LOW,LOW,PA6LL,13.4061,30,36.3,,,6,14
4/2/2023,post,LOW,LOW,PA7LL,8.0277,30,36.3,,,6,14
4/2/2023,post,HIGH,LOW,PA2HL,14.3198,30,36.3,,,6,14
4/2/2023,post,HIGH,LOW,PA9HL,17.1088,29.9,36.3,,,6,14
4/2/2023,post,HIGH,LOW,PA1HL,17.5758,29.9,36.3,,,6,14
4/2/2023,post,HIGH,LOW,PA11HL,11.2173,29.9,36.3,,,6,14
4/2/2023,post,HIGH,HIGH,PA9HH,20.4826,29.8,36.3,,,6,14
4/2/2023,post,HIGH,HIGH,PA2HH,10.1276,29.7,36.3,,,6,14
4/2/2023,post,HIGH,HIGH,PA13HH,11.7718,29.7,36.3,,,6,14
4/2/2023,post,LOW,HIGH,PA9LH,16.8337,29.7,36.3,,,6,14
4/2/2023,post,LOW,HIGH,PA10LH,11.7773,29.6,36.3,,,6,14
4/2/2023,post,LOW,HIGH,PA13LH,6.0907,29.6,36.3,,,6,14
4/2/2023,post,LOW,HIGH,PA5LH,5.9097,29.6,36.3,,,6,14
4/2/2023,post,LOW,HIGH,PA10LH_2,11.8848,29.6,36.3,,,6,14
4/2/2023,post,,,SW 15,25.6483,29.5,36.3,,,6,15
4/2/2023,post,,,SW 15,25.6795,29.5,36.3,,,6,15
4/2/2023,post,,,SW 15,25.6197,29.5,36.3,,,6,15
4/2/2023,post,,,DI 7,26.0585,26,36.3,,,7,
4/2/2023,post,,,DI 7,26.2382,25.9,36.3,,,7,
4/2/2023,post,,,DI 7,26.1788,25.9,36.3,,,7,
4/3/2023,post,,,DI 8,26.0176,22.7,,,,8,
4/3/2023,post,,,DI 8,26.3597,22.6,,,,8,
4/3/2023,post,,,DI 8,26.1642,22.6,,,,8,
4/3/2023,post,,,SW 16,25.611,29.5,36.3,,,8,16
4/3/2023,post,,,SW 16,25.6118,29.5,36.3,,,8,16
4/3/2023,post,LOW,HIGH,ME5LH,5.6579,29.5,36.2,,,8,16
4/3/2023,post,LOW,HIGH,ME10LH,7.1945,29.5,36.3,,,8,16
4/3/2023,post,LOW,HIGH,ME12LH,4.2391,29.5,36.3,,,8,16
4/3/2023,post,LOW,HIGH,ME11LH,6.954,29.5,36.3,,,8,16
4/3/2023,post,LOW,HIGH,ME3LH,5.3827,29.4,36.3,,,8,16
4/3/2023,post,LOW,HIGH,ME13LH,13.0799,29.4,36.3,,,8,16
4/3/2023,post,LOW,HIGH,ME6LH,4.0587,29.3,36.3,,SETOSA,8,16
4/3/2023,post,LOW,HIGH,ME1LH,1.8211,29.3,36.3,,,8,16
4/3/2023,post,LOW,HIGH,ME4LH,3.3946,29.2,36.3,,,8,16
4/3/2023,post,LOW,LOW,ME9LL,7.2966,29.2,36.3,,,8,16
4/3/2023,post,LOW,LOW,ME12LL,3.2491,29.2,36.3,,,8,16
4/3/2023,post,LOW,LOW,ME1LL,1.975,29.1,36.3,,,8,16
4/3/2023,post,,,SW 17,25.5292,29.6,36.2,,,8,17
4/3/2023,post,,,SW 17,25.5668,29.7,36.3,,,8,17
4/3/2023,post,LOW,LOW,ME3LL,5.6939,29.7,36.3,,,8,17
4/3/2023,post,LOW,LOW,ME2LL,8.2727,29.7,36.2,,SETOSA,8,17
4/3/2023,post,LOW,LOW,ME10LL,3.1192,29.6,36.2,,,8,17
4/3/2023,post,LOW,LOW,ME13LL,8.990833333,29.5,36.3,,,8,17
4/3/2023,post,LOW,LOW,ME4LL,5.4239,29.4,36.3,,,8,17
4/3/2023,post,LOW,LOW,ME8LL,6.7284,29.4,36.3,,,8,17
4/3/2023,post,LOW,HIGH,ME2LH,3.1402,29.4,36.3,,SETOSA,8,17
4/3/2023,post,LOW,HIGH,ME7LH,4.0055,29.3,36.3,,,8,17
4/3/2023,post,,,SW 18,25.4981,29.7,36.2,,,8,18
4/3/2023,post,,,SW 18,25.7399,29.7,36.2,,,8,18
4/3/2023,post,,,SW 18,25.4925,29.7,36.3,,,8,18
4/3/2023,post,LOW,LOW,ME11LL,4.3303,29.7,36.2,,,8,18
4/3/2023,post,LOW,HIGH,ME8LH,4.1612,29.7,36.2,,,8,18
4/3/2023,post,LOW,HIGH,ME9LH,7.4805,29.6,36.3,,,8,18
4/3/2023,post,LOW,LOW,ME6LL,5.1701,29.4,36.2,,SETOSA,8,18
4/3/2023,post,LOW,LOW,ME7LL,4.4336,29.4,36.2,,,8,18
4/3/2023,post,LOW,LOW,ME5LL,2.5177,29.3,36.3,,,8,18
4/6/2023,post,,,DI 9,26.1571,22.5,36.3,,,9,
4/6/2023,post,,,DI 9,26.0232,22.5,36.3,,,9,
4/6/2023,post,,,DI 9,26.1042,22.5,36.3,,,9,
4/6/2023,post,,,SW 19,25.5617,29.6,36.3,,,9,19
4/6/2023,post,,,SW 19,25.7389,29.6,36.3,,,9,19
4/6/2023,post,,,SW 19,25.5489,29.4,36.3,,,9,19
4/6/2023,post,LOW,HIGH,PR10LH,14.9949,29.3,36.3,,,9,19
4/6/2023,post,LOW,HIGH,PR4LH,12.2491,29.2,36.3,,,9,19
4/6/2023,post,LOW,HIGH,PR11LH,15.2105,29.2,36.3,,,9,19
4/6/2023,post,LOW,HIGH,PR1LH,14.6415,29.1,36.3,,,9,19
4/6/2023,post,,,SW 20,25.724,30.2,36.3,,,9,20
4/6/2023,post,,,SW 20,25.7508,30.2,36.3,,,9,20
4/6/2023,post,,,SW 20,25.6652,30.2,36.3,,,9,20
4/6/2023,post,LOW,HIGH,PR7LH,9.9087,30.2,36.2,,,9,20
4/6/2023,post,LOW,HIGH,PR6LH,8.6923,30.2,36.2,,,9,20
4/6/2023,post,LOW,HIGH,PR12LH,9.2045,30.1,36.2,,,9,20
4/6/2023,post,LOW,HIGH,PR8LH,8.5612,30.1,36.3,,,9,20
4/6/2023,post,LOW,HIGH,PR7LH_2,9.879,30,36.2,,,9,20
4/6/2023,post,LOW,HIGH,PR9LH,13.7142,29.9,36.2,,,9,20
4/6/2023,post,LOW,LOW,PR1LL,15.0858,29.9,36.2,,,9,20
4/6/2023,post,LOW,LOW,PR11LL,11.5018,29.8,36.3,,,9,20
4/6/2023,post,LOW,LOW,PR6LL,7.3918,29.7,36.3,,,9,20
4/6/2023,post,LOW,LOW,PR2LL,10.9935,29.6,36.2,,,9,20
4/6/2023,post,LOW,LOW,PR8LL,11.776,29.6,36.3,,,9,20
4/6/2023,post,LOW,LOW,PR10LL,12.4678,29.6,36.2,,,9,20
4/6/2023,post,LOW,LOW,PR4LL,15.2758,29.6,36.3,,,9,20
4/6/2023,post,LOW,LOW,PR12LL,14.9862,29.4,36.3,,,9,20
4/6/2023,post,LOW,LOW,PR9LL,14.435,29.4,36.3,,,9,20
4/6/2023,post,LOW,LOW,PR13LL,8.6721,29.4,36.3,,,9,20
4/6/2023,post,HIGH,LOW,PR13HL,9.5271,29.3,36.3,,,9,20
4/6/2023,post,HIGH,LOW,PR10HL,11.2233,29.3,36.3,,,9,20
4/6/2023,post,HIGH,LOW,PR5HL,12.8494,29.2,36.3,,,9,20
4/6/2023,post,HIGH,LOW,PR11HL,20.8326,29.2,36.3,,,9,20
4/6/2023,post,HIGH,LOW,PR8HL,11.3723,29.8,36.3,,,9,20
4/6/2023,post,HIGH,HIGH,PR2HH,12.9522,29.7,36.3,,,9,20
4/6/2023,post,HIGH,LOW,PR8HL,11.2961,29.6,36.3,,,9,20
4/6/2023,post,LOW,HIGH,PR5LH,5.6487,29.6,36.3,,,9,20
4/6/2023,post,LOW,HIGH,PR3LH,6.5552,29.6,36.3,,,9,20
4/6/2023,post,LOW,HIGH,PR2LH,8.4135,29.6,36.3,,,9,20
4/6/2023,post,LOW,HIGH,PR5LH_2,5.7553,29.6,36.3,,,9,20
4/6/2023,post,HIGH,HIGH,PR13HH,10.7485,29.5,36.3,,,9,20
4/6/2023,post,HIGH,HIGH,PR12HH,17.6833,29.5,36.3,,somehow I didn't write the coral id smh. Process of elimination: PR12HH,9,20
4/6/2023,post,HIGH,LOW,PR2HL,16.0269,30.1,36.3,,partial water change without recalibrating,9,20
4/6/2023,post,HIGH,LOW,PR3HL,15.8498,30.1,36.2,,only used weight with screw,9,20
4/6/2023,post,HIGH,LOW,PR6HL,20.0758,30.1,36.3,,,9,20
4/6/2023,post,HIGH,LOW,PR4HL,14.1884,30.1,36.2,,,9,20
4/6/2023,post,HIGH,LOW,PR9HL,20.1547,30.2,36.3,,,9,20
4/6/2023,post,HIGH,LOW,PR12HL,17.5356,30.2,36.2,,,9,20
4/6/2023,post,HIGH,HIGH,PR11HH,20.9048,30.2,36.2,,,9,20
4/6/2023,post,HIGH,HIGH,PR8HH,14.3253,30.1,36.2,,,9,20
4/6/2023,post,HIGH,HIGH,PR9HH,21.2836,30.1,36.2,,,9,20
4/6/2023,post,HIGH,HIGH,PR4HH,17.1024,30,36.2,,,9,20
4/6/2023,post,HIGH,HIGH,PR7HH,21.48,30,36.2,,,9,20
4/6/2023,post,HIGH,HIGH,PR10HH,10.7543,30,36.3,,,9,20
4/6/2023,post,HIGH,HIGH,PR6HH,13.6153,29.9,36.3,,,9,20
4/6/2023,post,HIGH,HIGH,PR1HH,10.5021,29.8,36.2,,,9,20
4/6/2023,post,HIGH,HIGH,PR5HH,11.6117,29.8,36.2,,,9,20
4/6/2023,post,HIGH,HIGH,PR3HH,15.1166,29.7,36.3,,,9,20
4/17/2023,post,HIGH,LOW,LK10HL,13.6315,28.8,36.2,,,10,21
4/17/2023,post,HIGH,HIGH,LK11HH,14.8906,28.4,36.2,,,10,21
4/17/2023,post,HIGH,HIGH,LK12HH,11.4168,28.5,36.2,,,10,21
4/17/2023,post,HIGH,LOW,LK12HL,13.0067,28.9,36.2,,,10,21
4/17/2023,post,HIGH,HIGH,LK13HH,24.5447,28.5,36.2,,,10,21
4/17/2023,post,HIGH,LOW,LK13HL,18.5001,28.6,36.2,,,10,21
4/17/2023,post,HIGH,HIGH,LK1HH,7.038,28.4,36.2,,,10,21
4/17/2023,post,HIGH,LOW,LK1HL,6.1049,28.9,36.2,,,10,21
4/17/2023,post,HIGH,LOW,LK1HL_2,6.0647,28.8,36.2,,,10,21
4/17/2023,post,HIGH,HIGH,LK2HH,17.6282,28.4,36.2,,,10,21
4/17/2023,post,HIGH,LOW,LK2HL,18.277,28.7,36.2,,,10,21
4/17/2023,post,HIGH,HIGH,LK4HH,15.7341,28.5,36.2,,,10,21
4/17/2023,post,HIGH,LOW,LK4HL,10.7401,28.9,36.2,,,10,21
4/17/2023,post,,,DI 10,26.3304,22.5,,,,10,
4/17/2023,post,,,DI 10,26.4005,22.5,,,,10,
4/17/2023,post,,,DI 10,26.1292,22.4,,,,10,
4/17/2023,post,,,SW 21,25.4606,28.8,36.1,,,10,21
4/17/2023,post,,,SW 21,25.6518,28.8,36.1,,,10,21
4/17/2023,post,,,SW 21,25.5432,28.9,36.1,,,10,21
4/17/2023,post,HIGH,HIGH,LK5HH,15.5611,28.4,36.2,,,10,21
4/17/2023,post,HIGH,LOW,LK5HL,9.9715,28.8,36.2,,,10,21
4/17/2023,post,HIGH,LOW,LK5HL_2,9.9502,28.8,36.2,,,10,21
4/17/2023,post,HIGH,HIGH,LK6HH,8.4783,28.4,36.2,,,10,21
4/17/2023,post,HIGH,HIGH,LK7HH,14.0811,28.4,36.3,,,10,21
4/17/2023,post,HIGH,HIGH,LK7HH_2,13.8973,28.3,36.2,,,10,21
4/17/2023,post,HIGH,LOW,LK7HL,9.3678,28.6,36.2,,,10,21
4/17/2023,post,HIGH,LOW,LK7HL_2,9.4243,28.5,36.2,,,10,21
4/17/2023,post,HIGH,HIGH,LK8HH,13.6113,28.4,36.2,,,10,21
4/17/2023,post,HIGH,LOW,LK9HL,9.5737,28.5,36.2,,,10,21
4/17/2023,post,LOW,LOW,PR3LL,7.0761,28.4,36.2,,,10,21
4/17/2023,post,LOW,LOW,PR5LL,6.7319,28.4,36.2,,,10,21
4/17/2023,post,LOW,LOW,PR7LL,9.6235,28.4,36.2,,,10,21
4/17/2023,post,,,SW 22,25.4625,28.4,36.2,,,10,22
4/17/2023,post,,,SW 22,25.6048,28.4,36.2,,,10,22
4/17/2023,post,,,SW 22,25.572,28.4,36.2,,,10,22
4/17/2023,post,,,DI 11,26.2899,23.5,,,,11,
4/17/2023,post,,,DI 11,26.3986,23.5,,,,11,
4/17/2023,post,,,DI 11,26.1712,23.4,,,,11,
